{
    "0": {
        "1-GETMODULEHANDLEA-KERNEL32-DLLcall": 1.0,
        "1-GETPROCADDRESS-KERNEL32-DLLcall": 0.2857142857142857,
        "1-VIRTUALALLOC-KERNEL32-DLLcall": 0.2857142857142857,
        "1-VIRTUALFREE-KERNEL32-DLLcall": 0.2857142857142857,
        "1-VIRTUALPROTECT-KERNEL32-DLLcall": 1.0,
        "1-addladdl": 1.0,
        "1-addlandl": 0.2857142857142857,
        "1-addljne": 1.0,
        "1-addlmovl": 1.0,
        "1-addlpopl": 0.2857142857142857,
        "1-addlpushl": 1.0,
        "1-addlshrl": 0.2857142857142857,
        "1-addlsubl": 0.2857142857142857,
        "1-andlmovl": 0.2857142857142857,
        "1-andlpushl": 0.2857142857142857,
        "1-andlsubl": 0.2857142857142857,
        "1-callcall": 0.2857142857142857,
        "1-calljmp": 1.0,
        "1-callpusha": 1.0,
        "1-callpushl": 1.0,
        "1-cmpbjne": 0.2857142857142857,
        "1-cmpbmovbmovb": 0.2857142857142857,
        "1-cmpladdl": 0.2857142857142857,
        "1-cmpljbje": 0.2857142857142857,
        "1-cmplje": 0.2857142857142857,
        "1-cmpljmp": 0.2857142857142857,
        "1-cmplleal": 0.2857142857142857,
        "1-cmplmovl": 0.2857142857142857,
        "1-cmplsubl": 1.0,
        "1-incbjne": 0.2857142857142857,
        "1-incladdl": 0.2857142857142857,
        "1-inclincl": 0.2857142857142857,
        "1-inclmovb": 0.2857142857142857,
        "1-inclmovl": 0.2857142857142857,
        "1-inclpopl": 1.0,
        "1-inclsubl": 0.2857142857142857,
        "1-jaecmpl": 0.2857142857142857,
        "1-jaemovl": 0.2857142857142857,
        "1-jbcmpl": 0.2857142857142857,
        "1-jecmpl": 0.2857142857142857,
        "1-jemovl": 0.2857142857142857,
        "1-jeorl": 0.2857142857142857,
        "1-jesubl": 0.2857142857142857,
        "1-jetestl": 1.0,
        "1-jmpjnepopl": 0.2857142857142857,
        "1-jmpleal": 0.2857142857142857,
        "1-jmpmovl": 1.0,
        "1-jmpret": 1.0,
        "1-jnecmpb": 0.2857142857142857,
        "1-jnemovl": 1.0,
        "1-jnepopa": 1.0,
        "1-jnescasb": 0.2857142857142857,
        "1-jnetestb": 0.2857142857142857,
        "1-jnetestl": 1.0,
        "1-lealincl": 0.2857142857142857,
        "1-lealje": 0.2857142857142857,
        "1-lealjne": 1.0,
        "1-lealmovl": 0.2857142857142857,
        "1-lealsubl": 0.2857142857142857,
        "1-lealxorl": 0.2857142857142857,
        "1-movbincl": 0.2857142857142857,
        "1-movbmovb": 0.2857142857142857,
        "1-movbpopl": 0.2857142857142857,
        "1-movbret": 0.2857142857142857,
        "1-movbshll": 0.2857142857142857,
        "1-movbstosl": 0.2857142857142857,
        "1-movlVIRTUALALLOC-KERNEL32-DLL": 0.2857142857142857,
        "1-movlVIRTUALFREE-KERNEL32-DLL": 0.2857142857142857,
        "1-movladdl": 1.0,
        "1-movladdljmp": 0.2857142857142857,
        "1-movlcall": 0.2857142857142857,
        "1-movlcmpl": 1.0,
        "1-movljae": 0.2857142857142857,
        "1-movljaejb": 0.2857142857142857,
        "1-movljb": 0.2857142857142857,
        "1-movlje": 1.0,
        "1-movljemovl": 0.2857142857142857,
        "1-movljmp": 1.0,
        "1-movljmpmovl": 0.2857142857142857,
        "1-movljne": 1.0,
        "1-movlleal": 0.2857142857142857,
        "1-movlmovb": 0.2857142857142857,
        "1-movlmovl": 1.0,
        "1-movlorl": 1.0,
        "1-movlpopl": 1.0,
        "1-movlpushl": 0.2857142857142857,
        "1-movlrepz": 0.2857142857142857,
        "1-movlshrl": 0.2857142857142857,
        "1-movlsubl": 0.2857142857142857,
        "1-movltestb": 0.2857142857142857,
        "1-orladdl": 0.2857142857142857,
        "1-orlmovl": 0.2857142857142857,
        "1-orlpopl": 1.0,
        "1-orlxorl": 0.2857142857142857,
        "1-popamovl": 1.0,
        "1-poplVIRTUALPROTECT-KERNEL32-DLL": 1.0,
        "1-popladdl": 1.0,
        "1-poplcall": 1.0,
        "1-poplje": 0.2857142857142857,
        "1-poplmovb": 0.2857142857142857,
        "1-poplmovl": 0.2857142857142857,
        "1-poplpopl": 0.2857142857142857,
        "1-poplrepz": 0.2857142857142857,
        "1-pusha": 1.0,
        "1-pushladdl": 1.0,
        "1-pushlandl": 0.2857142857142857,
        "1-pushlcall": 0.2857142857142857,
        "1-pushlincb": 0.2857142857142857,
        "1-pushlincl": 1.0,
        "1-pushlincljne": 0.2857142857142857,
        "1-pushlje": 0.2857142857142857,
        "1-pushljne": 1.0,
        "1-pushlleal": 1.0,
        "1-pushlmovl": 1.0,
        "1-pushlpopl": 0.2857142857142857,
        "1-pushlpushl": 1.0,
        "1-repzandl": 0.2857142857142857,
        "1-repzsarl": 0.2857142857142857,
        "1-retaddl": 0.2857142857142857,
        "1-retpushl": 1.0,
        "1-retsubl": 0.2857142857142857,
        "1-sarlmovl": 0.2857142857142857,
        "1-scasbmovb": 0.2857142857142857,
        "1-shllmovl": 0.2857142857142857,
        "1-shrladdl": 0.2857142857142857,
        "1-shrlandl": 0.2857142857142857,
        "1-stoslGETPROCADDRESS-KERNEL32-DLL": 0.2857142857142857,
        "1-subladdl": 1.0,
        "1-sublmovl": 0.2857142857142857,
        "1-sublpopl": 0.2857142857142857,
        "1-testbpopl": 0.2857142857142857,
        "1-testbret": 0.2857142857142857,
        "1-testlGETMODULEHANDLEA-KERNEL32-DLL": 1.0,
        "1-testladdl": 1.0,
        "1-testlje": 0.2857142857142857,
        "1-testlmovl": 1.0,
        "1-xorlmovl": 0.2857142857142857,
        "1-xorlxorl": 0.2857142857142857,
        "2-GETMODULEHANDLEA-KERNEL32-DLLcallcallpushl": 1.0,
        "2-GETPROCADDRESS-KERNEL32-DLLcallcallpushl": 0.2857142857142857,
        "2-VIRTUALALLOC-KERNEL32-DLLcallcallpushl": 0.2857142857142857,
        "2-VIRTUALFREE-KERNEL32-DLLcallcallpushl": 0.2857142857142857,
        "2-VIRTUALPROTECT-KERNEL32-DLLcallcallpushl": 1.0,
        "2-addladdladdljne": 0.8571428571428571,
        "2-addladdladdlmovl": 1.0,
        "2-addlandlandlmovl": 0.2857142857142857,
        "2-addljnejnetestl": 1.0,
        "2-addlmovlmovljb": 0.2857142857142857,
        "2-addlmovlmovljne": 0.2857142857142857,
        "2-addlmovlmovlmovl": 1.0,
        "2-addlmovlmovlpopl": 1.0,
        "2-addlmovlmovlpushl": 0.2857142857142857,
        "2-addlpoplpoplmovb": 0.2857142857142857,
        "2-addlpushlpushlmovl": 1.0,
        "2-addlshrlshrlandl": 0.2857142857142857,
        "2-addlsublsublmovl": 0.2857142857142857,
        "2-andlmovlmovlmovl": 0.2857142857142857,
        "2-andlmovlmovlrepz": 0.2857142857142857,
        "2-andlpushlpushlincljne": 0.2857142857142857,
        "2-andlsublsublmovl": 0.2857142857142857,
        "2-callcallcallpushl": 0.2857142857142857,
        "2-calljmpjmpret": 1.0,
        "2-callpushapusha": 1.0,
        "2-callpushlpushlleal": 1.0,
        "2-callpushlpushlmovl": 0.2857142857142857,
        "2-callpushlpushlpushl": 1.0,
        "2-cmpbjnejnescasb": 0.2857142857142857,
        "2-cmpbmovbmovbmovbretmovbret": 0.2857142857142857,
        "2-cmpladdladdlshrl": 0.2857142857142857,
        "2-cmpljbjejbcmpljemovl": 0.2857142857142857,
        "2-cmpljejemovl": 0.2857142857142857,
        "2-cmpljmpjmpmovl": 0.2857142857142857,
        "2-cmplleallealincl": 0.2857142857142857,
        "2-cmplleallealje": 0.2857142857142857,
        "2-cmplmovlmovlmovb": 0.2857142857142857,
        "2-cmplmovlmovlorl": 0.2857142857142857,
        "2-cmplsublsubladdl": 1.0,
        "2-incbjnejnecmpb": 0.2857142857142857,
        "2-incladdladdljne": 0.2857142857142857,
        "2-inclinclincladdl": 0.2857142857142857,
        "2-inclmovbmovbshll": 0.2857142857142857,
        "2-inclmovlmovlmovl": 0.2857142857142857,
        "2-inclpoplpoplcall": 1.0,
        "2-inclsublsublmovl": 0.2857142857142857,
        "2-jaecmplcmpladdl": 0.2857142857142857,
        "2-jaemovlmovlcmpl": 0.2857142857142857,
        "2-jaemovlmovlmovl": 0.2857142857142857,
        "2-jbcmplcmpljbje": 0.2857142857142857,
        "2-jbcmplcmplje": 0.2857142857142857,
        "2-jbcmplcmpljmp": 0.2857142857142857,
        "2-jbcmplcmplmovl": 0.2857142857142857,
        "2-jecmplcmplleal": 0.2857142857142857,