{
    "0": {
        "VIRTUALPROTECT-KERNEL32-DLL": 1.0,
        "VIRTUALPROTECT-KERNEL32-DLLcallcallpushl": 1.0,
        "adcl": 4.0,
        "adcladcljneadclsubljneaddl": 1.0,
        "adclsublsublmovl": 3.0,
        "addl": 4.222222222222222,
        "addladcladcladcljne": 1.0,
        "addljejeorl": 0.2222222222222222,
        "addlmovlmovladdl": 1.0,
        "addlmovlmovljb": 1.0,
        "addlsubbsubbsubl": 1.0,
        "call": 1.0,
        "callpushlpushlpushl": 1.0,
        "cmpb": 2.0,
        "cmpbjajacmpb": 1.0,
        "cmpbsubbsubbincl": 1.0,
        "cmpl": 1.0,
        "cmplpushlpushlleal": 1.0,
        "incl": 2.2222222222222223,
        "inclmovbmovbmovl": 1.0,
        "inclmovbmovbshll": 1.0,
        "inclmovbmovbxorl": 0.2222222222222222,
        "ja": 1.0,
        "jacmpbcmpbsubb": 1.0,
        "jae": 1.6666666666666667,
        "jaeadcladclsubl": 0.6666666666666666,
        "jaeaddladdladcl": 1.0,
        "jb": 2.3333333333333335,
        "jbadcladclsubl": 1.3333333333333333,
        "jbsublsublxorl": 1.0,
        "je": 2.2222222222222223,
        "jeorlorlincl": 0.2222222222222222,
        "jeorlorlmovl": 1.0,
        "jexorlxorlincl": 1.0,
        "jmp": 2.0,
        "jmporlorlpushl": 0.3333333333333333,
        "jmppushlpushlleal": 0.6666666666666666,
        "jmpsublsubljne": 1.0,
        "jne": 4.0,
        "jneaddladdlmovl": 1.0,
        "jnecmpbcmpbja": 1.0,
        "jnecmplcmplpushl": 1.0,
        "jnejaejaeaddl": 1.0,
        "leal": 4.222222222222222,
        "lealaddladdlje": 0.2222222222222222,
        "leallooploopmovb": 1.0,
        "lealmovlmovlje": 1.0,
        "lealmovlmovlpusha": 1.0,
        "lealpopapopapopl": 1.0,
        "loop": 1.0,
        "loopmovbmovbaddl": 1.0,
        "movb": 4.222222222222222,
        "movbaddladdlmovl": 1.0,
        "movbmovlmovljne": 1.0,
        "movbmovlmovlmovl": 1.0,
        "movbshllshlljb": 1.0,
        "movbxorlxorlleal": 0.2222222222222222,
        "movl": 12.11111111111111,
        "movladdladdlsubb": 1.0,
        "movljbjbadcl": 1.0,
        "movljejeorl": 1.0,
        "movljmpjmporl": 0.3333333333333333,
        "movljmpjmppushl": 0.6666666666666666,
        "movljnejneaddl": 1.0,
        "movljnejnecmpb": 1.0,
        "movljnejnejae": 1.0,
        "movlleallealloop": 1.0,
        "movlleallealmovl": 1.1111111111111112,
        "movlmovlmovlpopl": 1.0,
        "movlpoplpoplje": 1.0,
        "movlpushapusha": 1.0,
        "orl": 1.5555555555555556,
        "orlinclinclmovb": 0.2222222222222222,
        "orlmovlmovlleal": 1.0,
        "orlpushlpushlleal": 0.2222222222222222,
        "orlpushlpushlmovl": 0.1111111111111111,
        "popa": 1.0,
        "popapoplpoplVIRTUALPROTECT-KERNEL32-DLL": 1.0,
        "popl": 2.0,
        "poplVIRTUALPROTECT-KERNEL32-DLLVIRTUALPROTECT-KERNEL32-DLLcall": 1.0,
        "popljejexorl": 1.0,
        "pusha": 2.0,
        "pushl": 7.0,
        "pushlleallealmovl": 0.8888888888888888,
        "pushlleallealpopa": 1.0,
        "pushlmovlmovlleal": 1.1111111111111112,
        "pushlpushlpushlmovl": 1.0,
        "pushlpushlpushlpushl": 3.0,
        "roll": 1.0,
        "rollshrwshrwmovb": 1.0,
        "shll": 1.0,
        "shlljbjbsubl": 1.0,
        "shrw": 1.0,
        "shrwmovbmovbmovl": 1.0,
        "subb": 2.0,
        "subbinclinclmovb": 1.0,
        "subbsublsublxchgb": 1.0,
        "subl": 6.0,
        "subljnejnecmpl": 1.0,
        "sublmovlmovljmp": 1.0,
        "sublmovlmovljne": 2.0,
        "sublxchgbxchgbroll": 1.0,
        "sublxorlxorljaejne": 0.6666666666666666,
        "sublxorlxorljbjne": 0.3333333333333333,
        "xchgb": 1.0,
        "xchgbrollrollshrw": 1.0,
        "xorl": 2.2222222222222223,
        "xorlinclinclmovb": 1.0,
        "xorljaejnejaeadcljnejae": 0.6666666666666666,
        "xorljbjnejbadcljnejae": 0.3333333333333333,
        "xorlleallealaddl": 0.2222222222222222
    }
}