{
    "0": {
        "1-VIRTUALPROTECT-KERNEL32-DLLcall": 1.0,
        "1-adcladcljne": 1.0,
        "1-adclsubl": 1.0,
        "1-addladcl": 1.0,
        "1-addlje": 0.2222222222222222,
        "1-addlmovl": 1.0,
        "1-addlsubb": 1.0,
        "1-callpushl": 1.0,
        "1-cmpbja": 1.0,
        "1-cmpbsubb": 1.0,
        "1-cmplpushl": 1.0,
        "1-inclmovb": 1.0,
        "1-jacmpb": 1.0,
        "1-jaeadcl": 0.6666666666666666,
        "1-jaeaddl": 1.0,
        "1-jbadcl": 1.0,
        "1-jbsubl": 1.0,
        "1-jeorl": 1.0,
        "1-jexorl": 1.0,
        "1-jmporl": 0.3333333333333333,
        "1-jmppushl": 0.6666666666666666,
        "1-jmpsubl": 1.0,
        "1-jneaddl": 1.0,
        "1-jnecmpb": 1.0,
        "1-jnecmpl": 1.0,
        "1-jnejae": 1.0,
        "1-lealaddl": 0.2222222222222222,
        "1-lealloop": 1.0,
        "1-lealmovl": 1.0,
        "1-lealpopa": 1.0,
        "1-loopmovb": 1.0,
        "1-movbaddl": 1.0,
        "1-movbmovl": 1.0,
        "1-movbshll": 1.0,
        "1-movbxorl": 0.2222222222222222,
        "1-movladdl": 1.0,
        "1-movljb": 1.0,
        "1-movlje": 1.0,
        "1-movljmp": 1.0,
        "1-movljne": 1.0,
        "1-movlleal": 1.0,
        "1-movlmovl": 1.0,
        "1-movlpopl": 1.0,
        "1-movlpusha": 1.0,
        "1-orlincl": 0.2222222222222222,
        "1-orlmovl": 1.0,
        "1-orlpushl": 0.3333333333333333,
        "1-popapopl": 1.0,
        "1-poplVIRTUALPROTECT-KERNEL32-DLL": 1.0,
        "1-poplje": 1.0,
        "1-pusha": 1.0,
        "1-pushlleal": 1.0,
        "1-pushlmovl": 1.0,
        "1-pushlpushl": 1.0,
        "1-rollshrw": 1.0,
        "1-shlljb": 1.0,
        "1-shrwmovb": 1.0,
        "1-subbincl": 1.0,
        "1-subbsubl": 1.0,
        "1-subljne": 1.0,
        "1-sublmovl": 1.0,
        "1-sublxchgb": 1.0,
        "1-sublxorl": 1.0,
        "1-xchgbroll": 1.0,
        "1-xorlincl": 1.0,
        "1-xorljaejne": 0.6666666666666666,
        "1-xorljbjne": 0.3333333333333333,
        "1-xorlleal": 0.2222222222222222,
        "2-VIRTUALPROTECT-KERNEL32-DLLcallcallpushl": 1.0,
        "2-adcladcljneadclsubljneaddl": 1.0,
        "2-adclsublsublmovl": 1.0,
        "2-addladcladcladcljne": 1.0,
        "2-addljejeorl": 0.2222222222222222,
        "2-addlmovlmovladdl": 1.0,
        "2-addlmovlmovljb": 1.0,
        "2-addlsubbsubbsubl": 1.0,
        "2-callpushlpushlpushl": 1.0,
        "2-cmpbjajacmpb": 1.0,
        "2-cmpbsubbsubbincl": 1.0,
        "2-cmplpushlpushlleal": 1.0,
        "2-inclmovbmovbmovl": 1.0,
        "2-inclmovbmovbshll": 1.0,
        "2-inclmovbmovbxorl": 0.2222222222222222,
        "2-jacmpbcmpbsubb": 1.0,
        "2-jaeadcladclsubl": 0.6666666666666666,
        "2-jaeaddladdladcl": 1.0,
        "2-jbadcladclsubl": 1.0,
        "2-jbsublsublxorl": 1.0,
        "2-jeorlorlincl": 0.2222222222222222,
        "2-jeorlorlmovl": 1.0,
        "2-jexorlxorlincl": 1.0,
        "2-jmporlorlpushl": 0.3333333333333333,
        "2-jmppushlpushlleal": 0.6666666666666666,
        "2-jmpsublsubljne": 1.0,
        "2-jneaddladdlmovl": 1.0,
        "2-jnecmpbcmpbja": 1.0,
        "2-jnecmplcmplpushl": 1.0,
        "2-jnejaejaeaddl": 1.0,
        "2-lealaddladdlje": 0.2222222222222222,
        "2-leallooploopmovb": 1.0,
        "2-lealmovlmovlje": 1.0,
        "2-lealmovlmovlpusha": 1.0,
        "2-lealpopapopapopl": 1.0,
        "2-loopmovbmovbaddl": 1.0,
        "2-movbaddladdlmovl": 1.0,
        "2-movbmovlmovljne": 1.0,
        "2-movbmovlmovlmovl": 1.0,
        "2-movbshllshlljb": 1.0,
        "2-movbxorlxorlleal": 0.2222222222222222,
        "2-movladdladdlsubb": 1.0,
        "2-movljbjbadcl": 1.0,
        "2-movljejeorl": 1.0,
        "2-movljmpjmporl": 0.3333333333333333,
        "2-movljmpjmppushl": 0.6666666666666666,
        "2-movljnejneaddl": 1.0,
        "2-movljnejnecmpb": 1.0,
        "2-movljnejnejae": 1.0,
        "2-movlleallealloop": 1.0,
        "2-movlleallealmovl": 1.0,
        "2-movlmovlmovlpopl": 1.0,
        "2-movlpoplpoplje": 1.0,
        "2-movlpushapusha": 1.0,
        "2-orlinclinclmovb": 0.2222222222222222,
        "2-orlmovlmovlleal": 1.0,
        "2-orlpushlpushlleal": 0.2222222222222222,
        "2-orlpushlpushlmovl": 0.1111111111111111,
        "2-popapoplpoplVIRTUALPROTECT-KERNEL32-DLL": 1.0,
        "2-poplVIRTUALPROTECT-KERNEL32-DLLVIRTUALPROTECT-KERNEL32-DLLcall": 1.0,
        "2-popljejexorl": 1.0,
        "2-pusha": 1.0,
        "2-pushlleallealmovl": 0.8888888888888888,
        "2-pushlleallealpopa": 1.0,
        "2-pushlmovlmovlleal": 1.0,
        "2-pushlpushlpushlmovl": 1.0,
        "2-pushlpushlpushlpushl": 1.0,
        "2-rollshrwshrwmovb": 1.0,
        "2-shlljbjbsubl": 1.0,
        "2-shrwmovbmovbmovl": 1.0,
        "2-subbinclinclmovb": 1.0,
        "2-subbsublsublxchgb": 1.0,
        "2-subljnejnecmpl": 1.0,
        "2-sublmovlmovljmp": 1.0,
        "2-sublmovlmovljne": 1.0,
        "2-sublxchgbxchgbroll": 1.0,
        "2-sublxorlxorljaejne": 0.6666666666666666,
        "2-sublxorlxorljbjne": 0.3333333333333333,
        "2-xchgbrollrollshrw": 1.0,
        "2-xorlinclinclmovb": 1.0,
        "2-xorljaejnejaeadcljnejae": 0.6666666666666666,
        "2-xorljbjnejbadcljnejae": 0.3333333333333333,
        "2-xorlleallealaddl": 0.2222222222222222,
        "VIRTUALPROTECT-KERNEL32-DLL": 1.0,
        "adcl": 4.0,
        "addl": 4.222222222222222,
        "call": 1.0,
        "cmpb": 2.0,
        "cmpl": 1.0,
        "incl": 2.2222222222222223,
        "ja": 1.0,
        "jae": 1.6666666666666667,
        "jb": 2.3333333333333335,
        "je": 2.2222222222222223,
        "jmp": 2.0,
        "jne": 4.0,
        "leal": 4.222222222222222,
        "loop": 1.0,
        "movb": 4.222222222222222,
        "movl": 12.11111111111111,
        "orl": 1.5555555555555556,
        "popa": 1.0,
        "popl": 2.0,
        "pusha": 1.0,
        "pushl": 7.0,
        "roll": 1.0,
        "shll": 1.0,
        "shrw": 1.0,
        "subb": 2.0,
        "subl": 6.0,
        "xchgb": 1.0,
        "xorl": 2.2222222222222223
    }
}